3,azizjan,kilalayman,$2a$10$gRlBxYUq5tMo3hf9NsDXg.Te5eOMhEhfyT5VlBGRQgbZnmBTKZYk.,googlegakiralaysan,2017年6月28日(水曜日)
4,azizjan,kilalayman,$2a$10$VwNpcTMDISWIFt6B5K9LVOX.VKHAp.g5JOys5xOeZbyUtY3djTmRi,qweqwe,2017年6月29日(木曜日)
5,azizjan,asdasd,$2a$10$Z1A7ljnr2Qoox6P6zHmRPe9XGwHma8KaDYnTFN5MSU9tggEVGCRTW,qweqwe,2017年6月29日(木曜日)
6,xamxikamar,kilalayman,$2a$10$8sOJ78JkP1C7wz/GkX1qdOZBTUeQOjtKWFJ9OXZclYylEc80faQeq,qweqwe,2017年6月29日(木曜日)
7,xamxikamar,qweqwe,$2a$10$tIE47fZfTV7usOcbzWBwdebP9TjxBhaGoexoZHw.z2b2Kq4gZMsn.,qwe,2017年6月29日(木曜日)
8,xamxikamar,kilalayman,$2a$10$YJ0jPGUtGA8p/8.eMFkhje.uk8PmNrtkTxc1V5XdmW.3nMHierRu2,qweqwe,2017年6月29日(木曜日)
9,arkin,kilalayman,$2a$10$I6Krbv.jqg9Bm50b3SNX9OiUFi1IOWNdxEPVAJnJxEfVGN4f3/izi,qweqwe,2017年6月29日(木曜日)
10,arkin,kilalayman,$2a$10$rInR3sNSbuDtgHk07cP3NuW/h3mqQlypzMHKZgfJUpeElouump66C,qweqwe,2017年6月29日(木曜日)
12,azizjan,kilalayman,$2a$10$HR/BR9RsV/RQHrJ.P5iuK.ZF5GelEL7sJ8mTjeRCctMeZ3cNd4nJC,qwe,2017年6月29日(木曜日)
13,azizjan,kilalayman,$2a$10$cEhWm5FX5EskFgi4ukHRxuMK2JEk7EoydVVf8KBIetIK6hc4/qARu,asd,2017年6月30日(金曜日)
14,jan,kilalayman,$2a$10$OZuv77XmCXsg26lAWzz5J.sFEORU2iXYC8kTZT.Q5tY1Ig8m3dkJu,asdasd,2017年6月30日)金曜日(
